/*
SQLyog  v12.2.6 (64 bit)
MySQL - 5.7.23-log : Database - bdc_front_swj
*********************************************************************
*/

/*!40101 SET NAMES utf8 */;

/*!40101 SET SQL_MODE=''*/;

/*!40014 SET @OLD_UNIQUE_CHECKS=@@UNIQUE_CHECKS, UNIQUE_CHECKS=0 */;
/*!40014 SET @OLD_FOREIGN_KEY_CHECKS=@@FOREIGN_KEY_CHECKS, FOREIGN_KEY_CHECKS=0 */;
/*!40101 SET @OLD_SQL_MODE=@@SQL_MODE, SQL_MODE='NO_AUTO_VALUE_ON_ZERO' */;
/*!40111 SET @OLD_SQL_NOTES=@@SQL_NOTES, SQL_NOTES=0 */;
CREATE DATABASE /*!32312 IF NOT EXISTS*/`bdc_front_swj` /*!40100 DEFAULT CHARACTER SET utf8 */;

USE `bdc_front_swj`;

/*Table structure for table `FC001` */

DROP TABLE IF EXISTS `FC001`;

CREATE TABLE `FC001` (
  `SN` varchar(100) NOT NULL COMMENT '（房产局产系统提供）',
  `SLID` varchar(50) DEFAULT NULL COMMENT '房产受理号',
  `SSQY` varchar(50) DEFAULT NULL COMMENT '所属区域',
  `FCZH` varchar(100) DEFAULT NULL COMMENT '房产证号',
  `ZRF_NAME` varchar(250) DEFAULT NULL COMMENT '转让方名称',
  `ZRF_ID` varchar(50) DEFAULT NULL COMMENT '转让方证件号',
  `ZRF_ZJLX` varchar(50) DEFAULT NULL COMMENT '转让方证件类型(基于不动产中心的枚举)',
  `ZRF_TEL` varchar(20) DEFAULT NULL COMMENT '转让方联系电话',
  `CSF_NAME` varchar(250) DEFAULT NULL COMMENT '承受方姓名',
  `CSF_ID` varchar(50) DEFAULT NULL COMMENT '承受方证件号',
  `CSF_ZJLX` varchar(50) DEFAULT NULL COMMENT '承受方证件类型(基于不动产中心的枚举)',
  `CSF_TEL` varchar(20) DEFAULT NULL COMMENT '承受方联系电话',
  `CLH` varchar(50) DEFAULT NULL COMMENT '测量号',
  `GHYT` varchar(50) DEFAULT NULL COMMENT '规划用途',
  `LFDZ` varchar(200) DEFAULT NULL COMMENT '楼房地址',
  `DYFH` varchar(50) DEFAULT NULL COMMENT '单元房号',
  `ZLC` int(11) DEFAULT NULL COMMENT '总楼层',
  `SZLC` int(11) DEFAULT NULL COMMENT '所在楼层',
  `JZJG` varchar(50) DEFAULT NULL COMMENT '建筑结构',
  `FWLX` varchar(50) DEFAULT NULL COMMENT '房屋类型',
  `JYLX` varchar(50) DEFAULT NULL COMMENT '交易类型（用于区分一手房、二手房交易，取得方式）',
  `JZMJ` double DEFAULT NULL COMMENT '建筑面积',
  `HTZJ` decimal(10,0) DEFAULT NULL COMMENT '合同总价',
  `FZRQ` date DEFAULT NULL COMMENT '发证日期',
  `JCNF` varchar(4) DEFAULT NULL COMMENT '建成年份',
  `JYSJ` date DEFAULT NULL COMMENT '交易时间',
  `SFSYFC` varchar(50) DEFAULT NULL COMMENT '是否私有房产',
  `CX` varchar(50) DEFAULT NULL COMMENT '朝向',
  `DF` varchar(50) DEFAULT NULL COMMENT '端房',
  `UPDATETIME` date DEFAULT NULL COMMENT '更新时间',
  `JG` varchar(50) DEFAULT NULL COMMENT '景观(保留)',
  `ZX` varchar(50) DEFAULT NULL COMMENT '装修(保留)',
  `CG` double DEFAULT NULL COMMENT '层高',
  `QSWSRQ` date DEFAULT NULL COMMENT '契税完税日期',
  `QSWSJS` double DEFAULT NULL COMMENT '契税完税基数',
  `DEL_SIGN` int(11) DEFAULT NULL COMMENT '撤销标识(0正常，1撤销)',
  `DEL_TIME` date DEFAULT NULL COMMENT '撤销时间',
  `DEL_CZR` varchar(50) DEFAULT NULL COMMENT '撤销操作人',
  `STATUS` int(11) DEFAULT NULL COMMENT '流程状态:0:未完税1:已读取4:房产登簿5:超期（异常）6:退回房产（异常）7:业务中止（异常）',
  `REMARKS` varchar(200) DEFAULT NULL COMMENT '备注（存储退回信息）',
  `STATUS_SE` int(11) DEFAULT NULL COMMENT '税额状态:0:未完税1:已完税2:退税',
  `STATUS_ZZ` int(11) DEFAULT NULL COMMENT '终止状态（0正常，1终止）',
  `kzzd` varchar(50) DEFAULT NULL COMMENT '扩展字段（用于后续信息扩展，以Jason格式存储)',
  `QDFS` varchar(10) DEFAULT NULL COMMENT '取得方式（转让、继承、捐赠）',
  `CSF_FCTS` int(11) DEFAULT NULL COMMENT '承受方房产套数',
  `ZRF_FCTS` int(11) DEFAULT NULL COMMENT '转让方房产套数',
  `zlbh` varchar(50) DEFAULT NULL COMMENT '指令编号',
  `ywh` varchar(50) DEFAULT NULL COMMENT '业务号（不动产系统提供）',
  `bdcdyh` varchar(50) DEFAULT NULL COMMENT '不动产单元号',
  `bdcqzh` varchar(50) DEFAULT NULL COMMENT '不动产权证号',
  `sync_state` int(11) DEFAULT '0' COMMENT '同步状态，0：初始，1：成功，-1：失败，99：正在同步',
  `sync_result` varchar(1024) DEFAULT NULL COMMENT '同步结果',
  PRIMARY KEY (`SN`)
) ENGINE=InnoDB DEFAULT CHARSET=utf8;

/*Data for the table `FC001` */

insert  into `FC001`(`SN`,`SLID`,`SSQY`,`FCZH`,`ZRF_NAME`,`ZRF_ID`,`ZRF_ZJLX`,`ZRF_TEL`,`CSF_NAME`,`CSF_ID`,`CSF_ZJLX`,`CSF_TEL`,`CLH`,`GHYT`,`LFDZ`,`DYFH`,`ZLC`,`SZLC`,`JZJG`,`FWLX`,`JYLX`,`JZMJ`,`HTZJ`,`FZRQ`,`JCNF`,`JYSJ`,`SFSYFC`,`CX`,`DF`,`UPDATETIME`,`JG`,`ZX`,`CG`,`QSWSRQ`,`QSWSJS`,`DEL_SIGN`,`DEL_TIME`,`DEL_CZR`,`STATUS`,`REMARKS`,`STATUS_SE`,`STATUS_ZZ`,`kzzd`,`QDFS`,`CSF_FCTS`,`ZRF_FCTS`,`zlbh`,`ywh`,`bdcdyh`,`bdcqzh`,`sync_state`,`sync_result`) values 
('201404210476','201404210476','2431301','00077291','刘迪红','432501195403130036','身份证',NULL,'肖旭吾','432501195212303520','身份证',NULL,NULL,'住宅','娄星区娄星北路西侧0034幢','152',7,5,NULL,NULL,'赠与',113.96,120000,NULL,NULL,'2014-04-21',NULL,NULL,NULL,'2014-04-28',NULL,NULL,NULL,NULL,NULL,0,NULL,NULL,0,NULL,1,0,NULL,NULL,NULL,NULL,NULL,NULL,NULL,NULL,0,NULL),
('201404230314','201404230314','2431301','00148927','李关亮','432501195403130088','身份证',NULL,'周文清','432502196503159021','身份证',NULL,NULL,'住宅','娄星区扶青路长青办事处0006幢','221',5,2,'混合',NULL,'调解',121.67,220000,NULL,NULL,'2014-04-23',NULL,NULL,NULL,'2014-04-29',NULL,NULL,NULL,NULL,NULL,0,NULL,NULL,0,NULL,1,0,NULL,NULL,NULL,NULL,NULL,NULL,NULL,NULL,1,'登记主表找不到对应数据'),
('201404250268','201404250268','2431301','00000707','李会连','432501650604102','身份证',NULL,'罗岳南','43250119630804103X','身份证',NULL,NULL,'住宅','青山街仙人阁六组团',NULL,7,2,NULL,NULL,'存量房买卖(资金监管)',84.15,135000,NULL,NULL,'2014-04-25',NULL,NULL,NULL,'2014-04-28',NULL,NULL,NULL,NULL,NULL,0,NULL,NULL,0,NULL,1,0,NULL,NULL,NULL,NULL,NULL,NULL,NULL,NULL,1,NULL),
('201404250271','201404250271','2431301','00032352','李文艺','43250119580907051','身份证',NULL,'刘梦龙','432503194712248773','身份证',NULL,NULL,'住宅','涟钢农贸市场[黄泥塘工商所、机动部]','222',3,2,NULL,NULL,'存量房买卖(资金监管)',91.59,130000,NULL,NULL,'2014-04-25',NULL,NULL,NULL,'2014-04-28',NULL,NULL,NULL,NULL,NULL,0,NULL,NULL,0,NULL,1,1,NULL,NULL,NULL,NULL,NULL,NULL,NULL,NULL,1,NULL),
('201404250300','201404250300','2431301','00098651','彭海清','432501390219101','身份证',NULL,'刘洋','432501197803111044','身份证',NULL,NULL,'住宅','涟钢旁山冲506栋','431',5,3,'混合',NULL,'存量房买卖(资金监管)',86.49,109700,NULL,NULL,'2014-04-25',NULL,NULL,NULL,'2014-04-28',NULL,NULL,NULL,NULL,NULL,0,NULL,NULL,0,NULL,1,0,NULL,NULL,NULL,NULL,NULL,NULL,NULL,NULL,1,NULL),
('201404280147','201404280147','2431301','00006894','李红卫','432501570823005','身份证',NULL,'颜得志','43250119850922101X','身份证',NULL,NULL,'住宅','娄星区长青中街0019幢','19-111',3,1,NULL,NULL,'存量房买卖(资金监管)',82.17,80000,NULL,NULL,'2014-04-28',NULL,NULL,NULL,'2014-04-28',NULL,NULL,NULL,NULL,NULL,0,NULL,NULL,5,NULL,1,0,NULL,NULL,NULL,NULL,NULL,NULL,NULL,NULL,1,NULL),
('201404280149','201404280149','2431301','00149391','邬德芳','512322195204197386','身份证',NULL,'陈力六','430521194412070011','身份证',NULL,NULL,'住宅','娄星区新星南路东方豪苑0012幢','1402',18,14,'钢混',NULL,'存量房买卖(资金监管)',141.06,350000,NULL,NULL,'2014-04-28',NULL,NULL,NULL,'2014-04-28',NULL,NULL,NULL,NULL,NULL,0,NULL,NULL,0,NULL,1,1,NULL,NULL,NULL,NULL,NULL,NULL,NULL,NULL,1,NULL),
('201404280230','201404280230','2431301','00131554','肖佳琪','431302199003240036','身份证',NULL,'刘田湘','432524195704120012','身份证',NULL,NULL,'住宅','娄星区石马路与湘阳街交叉处0006幢','131',4,3,'混合',NULL,'存量房买卖(资金监管)',67.42,70000,NULL,NULL,'2014-04-28',NULL,NULL,NULL,'2014-04-28',NULL,NULL,NULL,NULL,NULL,0,NULL,NULL,0,NULL,1,0,NULL,NULL,NULL,NULL,NULL,NULL,NULL,NULL,1,NULL),
('201404280308','201404280308','2431301','00134766','唐循伟','432503197809120059','身份证',NULL,'贺丽媛','432501198001097046','身份证',NULL,NULL,'车库','娄星区湘阳街北侧0015幢','18',8,1,'混合',NULL,'存量房买卖(资金监管)',21.17,35000,NULL,NULL,'2014-04-28',NULL,NULL,NULL,'2014-04-28',NULL,NULL,NULL,NULL,NULL,0,NULL,NULL,0,NULL,1,0,NULL,NULL,NULL,NULL,NULL,NULL,NULL,NULL,1,NULL),
('201404280309','201404280309','2431301','00117568','陈佳','43252419861103344X','身份证',NULL,'廖建彪','432503197702075016','身份证',NULL,NULL,'住宅','娄星区石玉街铂金玫瑰园0022幢','331',7,3,'混合',NULL,'存量房买卖(资金监管)',146.36,190000,NULL,NULL,'2014-04-28',NULL,NULL,NULL,'2014-04-28',NULL,NULL,NULL,NULL,NULL,0,NULL,NULL,0,NULL,1,0,NULL,NULL,NULL,NULL,NULL,NULL,NULL,NULL,1,NULL),
('201404280337','201404280337','2431301','00069148','廖垂秋','432501560814105','身份证',NULL,'刘冬梅','H60036306','港澳外籍户口',NULL,NULL,'住宅','娄星区涟钢福岭路0002幢','321',7,2,NULL,NULL,'存量房买卖(资金监管)',88.58,130000,NULL,NULL,'2014-04-28',NULL,NULL,NULL,'2014-04-28',NULL,NULL,NULL,NULL,NULL,0,NULL,NULL,0,NULL,1,0,NULL,NULL,NULL,NULL,NULL,NULL,NULL,NULL,1,NULL),
('201404280348','201404280348','2431301','00053655','邱立新','432501500420002','身份证',NULL,'周兴','432501197612290115','身份证',NULL,NULL,'住宅','娄星区新星南路（菊苑小区）','241',6,4,NULL,NULL,'赠与',158.58,250000,NULL,NULL,'2014-04-28',NULL,NULL,NULL,'2014-04-28',NULL,NULL,NULL,NULL,NULL,0,NULL,NULL,0,NULL,1,0,NULL,NULL,NULL,NULL,NULL,NULL,NULL,NULL,1,NULL),
('201404280360','201404280360','2431301','00168971','王丰高','432501198108286015','身份证',NULL,'潘小燕、潘文琪','432524198708241667、432524198810191635','身份证、身份证',NULL,NULL,'住宅','娄星区新星中路（大汉巨龙家园）0026幢','362',7,6,'混合',NULL,'存量房买卖(资金监管)',97.4,150000,NULL,NULL,'2014-04-28',NULL,NULL,NULL,'2014-04-28',NULL,NULL,NULL,NULL,NULL,0,NULL,NULL,0,NULL,1,0,NULL,NULL,NULL,NULL,NULL,NULL,NULL,NULL,1,NULL),
('201404280368','201404280368','2431301','00118355','余桂平','432501196910151020','身份证',NULL,'戴康亮','432522196312051435','身份证',NULL,NULL,'住宅','娄星区新星南路(东方豪苑）0006幢','1103',19,11,'钢混',NULL,'存量房买卖(资金监管)',168.19,350000,NULL,NULL,'2014-04-28',NULL,NULL,NULL,'2014-04-28',NULL,NULL,NULL,NULL,NULL,0,NULL,NULL,0,NULL,1,0,NULL,NULL,NULL,NULL,NULL,NULL,NULL,NULL,1,NULL),
('201404280396','201404280396','2431301','00123180','曹雪华','432522631116950','身份证',NULL,'刘永红','432522197407044101','身份证',NULL,NULL,'住宅','娄星区长青西街区交通局0008幢','152',6,5,'混合',NULL,'存量房买卖(资金监管)',157.62,250000,NULL,NULL,'2014-04-28',NULL,NULL,NULL,'2014-04-28',NULL,NULL,NULL,NULL,NULL,0,NULL,NULL,0,NULL,1,0,NULL,NULL,NULL,NULL,NULL,NULL,NULL,NULL,1,NULL),
('201404280439','201404280439','2431301','00142239','陈育峰','432503198912260070','身份证',NULL,'易千津','H10215685 01','港澳外籍户口',NULL,NULL,'住宅','娄星区扶青路市外运车队星城商务中心0012幢','141',7,4,'混合',NULL,'存量房买卖(资金监管)',79.84,100000,NULL,NULL,'2014-04-28',NULL,NULL,NULL,'2014-04-28',NULL,NULL,NULL,NULL,NULL,0,NULL,NULL,0,NULL,1,0,NULL,NULL,NULL,NULL,NULL,NULL,NULL,NULL,1,NULL),
('201404280508','201404280508','2431301','00122988','谭紫娟','432522197702047882','身份证',NULL,'蒋小斌、曹勇华','432501197906010537、432522198004186409','身份证、身份证',NULL,NULL,'住宅','娄星区娄星北路华建公司东山0010幢','352',9,5,'混合',NULL,'存量房买卖(资金监管)',118.94,328000,NULL,NULL,'2014-04-28',NULL,NULL,NULL,'2014-04-28',NULL,NULL,NULL,NULL,NULL,0,NULL,NULL,0,NULL,1,0,NULL,NULL,NULL,NULL,NULL,NULL,NULL,NULL,1,NULL),
('201404290106','201404290106','2431301','00170338、00170339','肖斌、雷彩花','432501197910140035、420111198003114089','身份证、身份证',NULL,'谢文','432503197406126587','身份证',NULL,NULL,'住宅','娄星区扶青南路0001幢','222',7,2,'混合',NULL,'存量房买卖(资金监管)',133.94,150000,NULL,NULL,'2014-04-29',NULL,NULL,NULL,'2014-04-29',NULL,NULL,NULL,NULL,NULL,0,NULL,NULL,0,NULL,1,0,NULL,NULL,NULL,NULL,NULL,NULL,NULL,NULL,1,NULL),
('201404290185','201404290185','2431301','S201312200019','申战锋','432501196310030014',NULL,NULL,'周晓兵','432501196803220019','身份证',NULL,NULL,'住宅','娄星区书院路(锅炉检查所)0002幢','122',4,2,'混合',NULL,'产权互换',63.97,80000,NULL,NULL,'2014-04-29',NULL,NULL,NULL,'2014-04-29',NULL,NULL,NULL,NULL,NULL,0,NULL,NULL,0,NULL,1,0,NULL,NULL,NULL,NULL,NULL,NULL,NULL,NULL,1,NULL),
('201404290190','201404290190','2431301','S201304090030','周晓兵','432501196803220019','身份证',NULL,'申战锋','432501196310030014','身份证',NULL,NULL,'住宅','娄星区书院路（锅炉检查所）','142',4,4,'混合',NULL,'产权互换',63.97,80000,NULL,NULL,'2014-04-29',NULL,NULL,NULL,'2014-04-29',NULL,NULL,NULL,NULL,NULL,0,NULL,NULL,0,NULL,1,0,NULL,NULL,NULL,NULL,NULL,NULL,NULL,NULL,1,NULL),
('201404290197','201404290197','2431301','00106066','李伟','431081198206051352','户口本',NULL,'彭曦、肖婷婷','432501198610107078、430181198606067403','身份证、身份证',NULL,NULL,'住宅','娄星区涟钢凤阳街（华建工程公司）0001幢','342',7,4,'混合',NULL,'存量房买卖(资金监管)',63.48,88000,NULL,NULL,'2014-04-29',NULL,NULL,NULL,'2014-04-29',NULL,NULL,NULL,NULL,NULL,0,NULL,NULL,0,NULL,1,0,NULL,NULL,NULL,NULL,NULL,NULL,NULL,NULL,1,NULL),
('201404290202','201404290202','2431301','00050150','谭自球','432503390615911','身份证',NULL,'肖承璋','432524198207021375','身份证',NULL,NULL,'住宅','涟钢青山住宅区0644幢','662',7,6,NULL,NULL,'存量房买卖(资金监管)',65.77,109300,NULL,NULL,'2014-04-29',NULL,NULL,NULL,'2014-04-29',NULL,NULL,NULL,NULL,NULL,0,NULL,NULL,0,NULL,1,0,NULL,NULL,NULL,NULL,NULL,NULL,NULL,NULL,1,NULL),
('201404290211','201404290211','2431301','00064230','吴丽庄','432503720623860','身份证',NULL,'李久平','432503196208288070','身份证',NULL,NULL,'住宅','娄星区黄泥塘办事处涟钢娄星北路0001幢','132',8,3,'混合结构',NULL,'存量房买卖(资金监管)',163.64,200000,NULL,NULL,'2014-04-29',NULL,NULL,NULL,'2014-04-29',NULL,NULL,NULL,NULL,NULL,0,NULL,NULL,0,NULL,1,0,NULL,NULL,NULL,NULL,NULL,NULL,NULL,NULL,1,NULL),
('201404290264','201404290264','2431301','00167758','谢国幸','432503196612167190','身份证',NULL,'谢顺德、彭力国','432501198310035041、432503198206254677','身份证、身份证',NULL,NULL,'住宅','娄星区涟滨东街湘中水果蔬菜市场0002幢','351',5,5,'混合',NULL,'存量房买卖(资金监管)',156.04,160000,NULL,NULL,'2014-04-29',NULL,NULL,NULL,'2014-04-29',NULL,NULL,NULL,NULL,NULL,0,NULL,NULL,0,NULL,1,0,NULL,NULL,NULL,NULL,NULL,NULL,NULL,NULL,1,NULL),
('201404290269','201404290269','2431301','00119096','陈红辉','43250119711201451X','身份证',NULL,'王宇青','430922198608056816','身份证',NULL,NULL,'住宅','娄星区新星南路东方豪苑0005幢','902',15,9,'钢混',NULL,'存量房买卖(资金监管)',96.93,200000,NULL,NULL,'2014-04-29',NULL,NULL,NULL,'2014-04-29',NULL,NULL,NULL,NULL,NULL,0,NULL,NULL,0,NULL,1,0,NULL,NULL,NULL,NULL,NULL,NULL,NULL,NULL,1,NULL),
('201404290288','201404290288','2431301','00016993','段世文','432503361004901','身份证',NULL,'段仕刚','432503196310079013','身份证',NULL,NULL,'住宅','娄星区乐坪西街0127幢','412',6,1,NULL,NULL,'赠与',61.27,80000,NULL,NULL,'2014-04-29',NULL,NULL,NULL,'2014-04-29',NULL,NULL,NULL,NULL,NULL,0,NULL,NULL,0,NULL,1,0,NULL,NULL,NULL,NULL,NULL,NULL,NULL,NULL,1,NULL),
('201404290298','201404290298','2431301','00169489、00169490','彭红葵、伍萍萍','432502197208161713、432502197201021785','身份证、身份证',NULL,'李小霞、刘新民','432501195709030046、432501195511070018','身份证、身份证',NULL,NULL,'住宅','娄星区新星中路(大汉巨龙家园)0034幢','1004',16,10,'框架',NULL,'存量房买卖(资金监管)',132.34,380000,NULL,NULL,'2014-04-29',NULL,NULL,NULL,'2014-04-29',NULL,NULL,NULL,NULL,NULL,0,NULL,NULL,0,NULL,1,0,NULL,NULL,NULL,NULL,NULL,NULL,NULL,NULL,1,NULL),
('201404290392','201404290392','2431301','00067144','刘国璋','4732511350115001','身份证',NULL,'刘勤','432501200205260036','户口簿',NULL,NULL,'住宅','乐坪东街(市林业局)0007幢','151',7,5,NULL,NULL,'赠与',123.26,150000,NULL,NULL,'2014-04-29',NULL,NULL,NULL,'2014-04-29',NULL,NULL,NULL,NULL,NULL,0,NULL,NULL,0,NULL,1,0,NULL,NULL,NULL,NULL,NULL,NULL,NULL,NULL,1,NULL);

/*Table structure for table `FC002` */

DROP TABLE IF EXISTS `FC002`;

CREATE TABLE `FC002` (
  `lsh` varchar(100) NOT NULL COMMENT '流水号（税务系统业务主表）',
  `DJZ_QS` decimal(10,0) DEFAULT NULL COMMENT '契税',
  `DJZ_YYS` decimal(10,0) DEFAULT NULL COMMENT '营业税',
  `DJZ_CJS` decimal(10,0) DEFAULT NULL COMMENT '城市维护建设税',
  `DJZ_DFJYS` decimal(10,0) DEFAULT NULL COMMENT '教育费附加、地方教育附加',
  `DJZ_GRSDS` decimal(10,0) DEFAULT NULL COMMENT '个人所得税',
  `DJZ_YHS` decimal(10,0) DEFAULT NULL COMMENT '印花税',
  `DJZ_TDZZS` decimal(10,0) DEFAULT NULL COMMENT '土地增值税',
  `FPHM` varchar(50) DEFAULT NULL COMMENT '发票号码',
  `QSSPHM` varchar(50) DEFAULT NULL COMMENT '契税税票号码',
  `DFGSSPHM` varchar(50) DEFAULT NULL COMMENT '地方各税税票号码',
  `UPDATETIME` date DEFAULT NULL COMMENT '更新日期',
  `PGID` varchar(21) DEFAULT NULL COMMENT '评估业务号',
  `PGJG` int(11) DEFAULT NULL COMMENT '评估结果',
  `MS_SIGN` int(11) DEFAULT NULL COMMENT '免税标识(0正常，1免税)',
  `MS_ZCYJ` varchar(50) DEFAULT NULL COMMENT '政策依据',
  `kzzd` varchar(50) DEFAULT NULL COMMENT '扩展字段（用于后续信息扩展，以Jason格式存储）',
  `zlbm` varchar(50) DEFAULT NULL COMMENT '指令编号',
  `ywh` varchar(50) DEFAULT NULL COMMENT '业务号（依赖于不动产系统生成）',
  `fcjlsh` varchar(50) DEFAULT NULL COMMENT '房产局流水号（房产局产系统提供）',
  `bdcdyh` varchar(50) DEFAULT NULL COMMENT '不动产单元号',
  `ybdcqzh` varchar(50) DEFAULT NULL COMMENT '不动产权证号（原）',
  `wqhth` varchar(50) DEFAULT NULL COMMENT '网签合同号（税务暂无法提供此信息）',
  `dznspzh` varchar(100) DEFAULT NULL COMMENT '电子纳税凭证号（税务暂无法提供此信息）',
  `wspzh` varchar(100) DEFAULT NULL COMMENT '完税凭证号（税务暂无法提供此信息）',
  `wszh` varchar(100) DEFAULT NULL COMMENT '完税字号（税务暂无法提供此信息）',
  `jsje` decimal(10,0) DEFAULT NULL COMMENT '计税金额（税务暂无法提供此信息）',
  `wsje` decimal(10,0) DEFAULT NULL COMMENT '完税金额（税务暂无法提供此信息）',
  `wssj` date DEFAULT NULL COMMENT '完税时间（税务暂无法提供此信息）',
  `qqlsh` varchar(64) DEFAULT NULL COMMENT '请求流水号',
  PRIMARY KEY (`lsh`)
) ENGINE=InnoDB DEFAULT CHARSET=utf8;

/*Data for the table `FC002` */

insert  into `FC002`(`lsh`,`DJZ_QS`,`DJZ_YYS`,`DJZ_CJS`,`DJZ_DFJYS`,`DJZ_GRSDS`,`DJZ_YHS`,`DJZ_TDZZS`,`FPHM`,`QSSPHM`,`DFGSSPHM`,`UPDATETIME`,`PGID`,`PGJG`,`MS_SIGN`,`MS_ZCYJ`,`kzzd`,`zlbm`,`ywh`,`fcjlsh`,`bdcdyh`,`ybdcqzh`,`wqhth`,`dznspzh`,`wspzh`,`wszh`,`jsje`,`wsje`,`wssj`,`qqlsh`) values 
('201404210476',3554,0,0,0,0,178,0,NULL,'675589.0','675588.0','2014-04-29','FC1404290842580191856',177700,0,NULL,NULL,NULL,NULL,NULL,'431302002029GB00061F00000007','431302002029GB00061F00000008',NULL,NULL,NULL,NULL,NULL,NULL,NULL,'8888'),
('201404230314',2200,5500,385,275,1100,0,0,NULL,NULL,NULL,'2014-04-29',NULL,NULL,0,NULL,NULL,NULL,NULL,NULL,NULL,NULL,NULL,NULL,NULL,NULL,NULL,NULL,NULL,NULL),
('201404250268',1657,0,0,0,1657,0,0,NULL,'661557.0','661536.0','2014-04-29',NULL,NULL,0,NULL,NULL,NULL,NULL,NULL,NULL,NULL,NULL,NULL,NULL,NULL,NULL,NULL,NULL,NULL),
('201404280078',957,0,0,0,0,0,0,'40007049.0','675572.0',NULL,'2014-04-28','FC1404280938150191403',95700,0,NULL,NULL,NULL,NULL,NULL,NULL,NULL,NULL,NULL,NULL,NULL,NULL,NULL,NULL,NULL),
('201404280086',4000,0,0,0,0,0,0,NULL,NULL,NULL,'2014-04-28',NULL,NULL,0,NULL,NULL,NULL,NULL,NULL,NULL,NULL,NULL,NULL,NULL,NULL,NULL,NULL,NULL,NULL),
('201404280147',1493,0,0,0,1493,0,0,'40007050.0','675574.0','675573.0','2014-04-28','FC1404280958510191425',149300,0,NULL,NULL,NULL,NULL,NULL,NULL,NULL,NULL,NULL,NULL,NULL,NULL,NULL,NULL,NULL),
('201404280149',7192,17980,1259,360,3596,0,0,'40007051.0','675576.0','675575.0','2014-04-28','FC1404281051400191508',359600,0,NULL,NULL,NULL,NULL,NULL,NULL,NULL,NULL,NULL,NULL,NULL,NULL,NULL,NULL,NULL),
('201404280230',0,0,0,0,0,0,0,NULL,NULL,NULL,'2014-04-28','FC1404281101060191525',131200,0,NULL,NULL,NULL,NULL,NULL,NULL,NULL,NULL,NULL,NULL,NULL,NULL,NULL,NULL,NULL),
('201404280308',2473,3091,216,155,1236,62,3709,'40007054.0','675583.0','675582.0','2014-04-28',NULL,NULL,0,NULL,NULL,NULL,NULL,NULL,NULL,NULL,NULL,NULL,NULL,NULL,NULL,NULL,NULL,NULL),
('201404280309',12376,4942,346,99,3094,0,0,'40088671.0','661773.0','661775.0','2014-04-28','FC1404281526220191711',309400,0,NULL,NULL,NULL,NULL,NULL,NULL,NULL,NULL,NULL,NULL,NULL,NULL,NULL,NULL,NULL),
('201404280337',1537,0,0,0,1537,0,0,NULL,'675595.0','675594.0','2014-04-29','FC1404291118460192022',153700,0,NULL,NULL,NULL,NULL,NULL,NULL,NULL,NULL,NULL,NULL,NULL,NULL,NULL,NULL,NULL),
('201404280348',0,0,0,0,0,0,0,NULL,NULL,NULL,'2014-05-04','FC1404290915250191866',265900,0,NULL,NULL,NULL,NULL,NULL,NULL,NULL,NULL,NULL,NULL,NULL,NULL,NULL,NULL,NULL),
('201404280360',0,0,0,0,0,0,0,NULL,NULL,NULL,'2014-05-04','FC1404281722130191845',183800,0,NULL,NULL,NULL,NULL,NULL,NULL,NULL,NULL,NULL,NULL,NULL,NULL,NULL,NULL,NULL),
('201404280368',16720,5868,411,117,4180,0,0,'40007053.0','675580.0','675579.0','2014-04-28','FC1404281526570191712',418000,0,NULL,NULL,NULL,NULL,NULL,NULL,NULL,NULL,NULL,NULL,NULL,NULL,NULL,NULL,NULL),
('201404280439',5880,7350,515,147,1470,0,0,'40007055.0','675585.0','675584.0','2014-04-29','FC1404281617430191786',147000,0,NULL,NULL,NULL,NULL,NULL,NULL,NULL,NULL,NULL,NULL,NULL,NULL,NULL,NULL,NULL),
('201404280508',6560,16400,1148,328,0,0,16400,'40007588.0','674228.0','674227.0','2014-04-29','FC1404281655440191827',328000,0,NULL,NULL,NULL,NULL,NULL,NULL,NULL,NULL,NULL,NULL,NULL,NULL,NULL,NULL,NULL),
('201404290106',4596,11490,804,230,2298,0,0,'40007057.0','675593.0','675592.0','2014-04-29','FC1404291046260191971',229800,0,NULL,NULL,NULL,NULL,NULL,NULL,NULL,NULL,NULL,NULL,NULL,NULL,NULL,NULL,NULL),
('201404290185',0,0,0,0,800,0,0,'40007060.0',NULL,'675597.0','2014-04-29','FC1404291150010192064',80000,0,NULL,NULL,NULL,NULL,NULL,NULL,NULL,NULL,NULL,NULL,NULL,NULL,NULL,NULL,NULL),
('201404290190',0,0,0,0,800,0,0,'40007059.0',NULL,'675596.0','2014-04-29','FC1404291155140192069',80000,0,NULL,NULL,NULL,NULL,NULL,NULL,NULL,NULL,NULL,NULL,NULL,NULL,NULL,NULL,NULL),
('201404290197',880,0,0,0,0,0,0,'40088642.0','829629.0','0.0','2014-04-29',NULL,NULL,0,NULL,NULL,NULL,NULL,NULL,NULL,NULL,NULL,NULL,NULL,NULL,NULL,NULL,NULL,NULL),
('201404290202',1093,0,0,0,1093,0,0,NULL,'661567.0','661566.0','2014-04-29',NULL,NULL,0,NULL,NULL,NULL,NULL,NULL,NULL,NULL,NULL,NULL,NULL,NULL,NULL,NULL,NULL,NULL),
('201404290211',8000,10000,700,200,0,0,12000,'40088643.0','76474039.0','76474009.0','2014-04-29','FC1404291607270192208',200000,0,NULL,NULL,NULL,NULL,NULL,NULL,NULL,NULL,NULL,NULL,NULL,NULL,NULL,NULL,NULL),
('201404290264',9092,11365,796,227,2273,0,0,'40007061.0','675599.0','675598.0','2014-04-29','FC1404291524350192154',227300,0,NULL,NULL,NULL,NULL,NULL,NULL,NULL,NULL,NULL,NULL,NULL,NULL,NULL,NULL,NULL),
('201404290269',6400,0,0,0,3200,0,0,'40007063.0','676305.0','676304.0','2014-05-04','FC1405040910520192580',320000,0,NULL,NULL,NULL,NULL,NULL,NULL,NULL,NULL,NULL,NULL,NULL,NULL,NULL,NULL,NULL),
('201404290288',454,0,0,0,0,91,0,NULL,'676301.0','675600.0','2014-04-29','FC1404291551110192190',90700,0,NULL,NULL,NULL,NULL,NULL,NULL,NULL,NULL,NULL,NULL,NULL,NULL,NULL,NULL,NULL),
('201404290298',0,0,0,0,0,0,0,NULL,NULL,NULL,'2014-05-04','FC1404291610440192211',380000,0,NULL,NULL,NULL,NULL,NULL,NULL,NULL,NULL,NULL,NULL,NULL,NULL,NULL,NULL,NULL),
('201404300019',7040,17600,1232,352,3520,0,0,'40088672.0','661784.0','661785.0','2014-04-30','FC1404300932260192305',352000,0,NULL,NULL,NULL,NULL,NULL,NULL,NULL,NULL,NULL,NULL,NULL,NULL,NULL,NULL,NULL),
('201404300099',6000,0,0,0,0,0,0,'40088644.0','76480009.0',NULL,'2014-04-30','FC1404301607520192539',300000,0,NULL,NULL,NULL,NULL,NULL,NULL,NULL,NULL,NULL,NULL,NULL,NULL,NULL,NULL,NULL);

/*Table structure for table `F_UPFILES_1` */

DROP TABLE IF EXISTS `F_UPFILES_1`;

CREATE TABLE `F_UPFILES_1` (
  `ID` int(11) NOT NULL,
  `CASENO` varchar(36) NOT NULL,
  `MATERIALID` int(11) NOT NULL,
  `MATERIALNAME` text NOT NULL,
  `FILENO` int(11) DEFAULT NULL,
  `FILENAME` varchar(100) NOT NULL,
  `FILESIZE` varchar(50) DEFAULT NULL,
  `FILEPATH` varchar(200) DEFAULT NULL,
  `UPFILETIME` datetime NOT NULL,
  `FILECONTENT` longblob,
  `REMARK` varchar(100) DEFAULT NULL,
  `USERID` int(11) DEFAULT NULL,
  `UPTYPE` varchar(100) DEFAULT NULL,
  `FTPKEYNAME` varchar(50) DEFAULT NULL,
  `HDFS_ADDRESS` varchar(256) DEFAULT NULL,
  `qqlsh` varchar(64) DEFAULT NULL,
  `DEPT` varchar(32) DEFAULT '3' COMMENT '1.不动产中心  2.房产局 3.税务局',
  PRIMARY KEY (`ID`)
) ENGINE=InnoDB DEFAULT CHARSET=utf8;

/*Data for the table `F_UPFILES_1` */

/*Table structure for table `sys_cmd` */

DROP TABLE IF EXISTS `sys_cmd`;

CREATE TABLE `sys_cmd` (
  `id` int(11) NOT NULL AUTO_INCREMENT,
  `code` varchar(64) DEFAULT NULL COMMENT '命令码',
  `name` varchar(256) DEFAULT NULL COMMENT '命令名称',
  `rds_api_url` varchar(256) DEFAULT NULL COMMENT '请求的RDS接口url',
  `memo` varchar(512) DEFAULT NULL COMMENT '备注',
  `rds_api_user` varchar(64) DEFAULT NULL COMMENT '请求rds接口用户(预留)',
  `request_config` varchar(5120) DEFAULT NULL COMMENT '入参解析配置',
  `response_config` varchar(5120) DEFAULT NULL COMMENT '结果解析配置',
  `type` int(11) DEFAULT '0' COMMENT '0:第三方系统发起，1:前置机发起',
  PRIMARY KEY (`id`)
) ENGINE=InnoDB AUTO_INCREMENT=19 DEFAULT CHARSET=utf8 CHECKSUM=1 DELAY_KEY_WRITE=1 ROW_FORMAT=DYNAMIC COMMENT='指令表';

/*Data for the table `sys_cmd` */

insert  into `sys_cmd`(`id`,`code`,`name`,`rds_api_url`,`memo`,`rds_api_user`,`request_config`,`response_config`,`type`) values 
(18,'300101','完成缴税','http://192.168.1.108:8016/bdc/register/taxComplete',NULL,NULL,NULL,NULL,0);

/*Table structure for table `sys_cmd_notice` */

DROP TABLE IF EXISTS `sys_cmd_notice`;

CREATE TABLE `sys_cmd_notice` (
  `id` int(11) NOT NULL AUTO_INCREMENT,
  `cmd_code` varchar(32) DEFAULT NULL COMMENT '命令编码',
  `content` varchar(10240) DEFAULT NULL COMMENT 'json内容',
  `create_time` datetime DEFAULT NULL,
  `resolve_state` int(11) DEFAULT '0' COMMENT '0:未处理，1：处理成功，-1：处理失败',
  PRIMARY KEY (`id`)
) ENGINE=InnoDB DEFAULT CHARSET=utf8 CHECKSUM=1 DELAY_KEY_WRITE=1 ROW_FORMAT=DYNAMIC COMMENT='rds推送消息表';

/*Data for the table `sys_cmd_notice` */

/*Table structure for table `sys_cmd_request` */

DROP TABLE IF EXISTS `sys_cmd_request`;

CREATE TABLE `sys_cmd_request` (
  `id` int(11) NOT NULL AUTO_INCREMENT,
  `cmd_code` varchar(11) DEFAULT NULL COMMENT '指令id',
  `create_time` datetime DEFAULT NULL,
  `resolve_state` int(11) DEFAULT '0' COMMENT '0:前置机未处理，1：前置机处理成功，-1：前置机处理失败，99：前置机处理中，10：三方系统处理成功，11：三方系统处理中，12：三方系统处理失败',
  `resolve_time` datetime DEFAULT NULL COMMENT '处理完成时间',
  `send_resolve_time` datetime DEFAULT NULL COMMENT '第三方系统处理完成时间',
  `data_id` varchar(128) DEFAULT NULL COMMENT '数据入口主键（三方系统写入）',
  `fail_msg` varchar(512) DEFAULT NULL COMMENT '失败原因',
  `type` int(11) DEFAULT '0' COMMENT '0:非文件请求，1：文件请求',
  PRIMARY KEY (`id`)
) ENGINE=InnoDB AUTO_INCREMENT=13 DEFAULT CHARSET=utf8 CHECKSUM=1 DELAY_KEY_WRITE=1 ROW_FORMAT=DYNAMIC COMMENT='指令请求表';

/*Data for the table `sys_cmd_request` */

insert  into `sys_cmd_request`(`id`,`cmd_code`,`create_time`,`resolve_state`,`resolve_time`,`send_resolve_time`,`data_id`,`fail_msg`,`type`) values 
(1,'100201','2018-10-05 11:27:22',0,NULL,NULL,'G2018100511272136216',NULL,1),
(2,'100201','2018-10-05 11:40:07',0,NULL,NULL,'G2018100511400633210',NULL,1),
(3,'300101','2018-10-05 11:49:32',1,'2018-10-05 22:00:50',NULL,'8888',' ',0),
(5,'3001','2018-10-05 11:57:32',0,NULL,NULL,'G2018100511573217333',NULL,1),
(6,'100201','2018-10-05 18:04:15',0,NULL,NULL,'G2018100518041496685',NULL,1),
(7,'100201','2018-10-05 18:23:23',0,NULL,NULL,'G2018100518232269421',NULL,1),
(8,'200101','2018-10-05 21:58:20',0,NULL,NULL,'G2018100521581997443',NULL,1),
(9,'200101','2018-10-05 22:02:37',0,NULL,NULL,'G2018100522023685111',NULL,1),
(10,'200101','2018-10-05 22:03:37',0,NULL,NULL,'G2018100522033600513',NULL,1),
(11,'100201','2018-10-08 15:17:08',0,NULL,NULL,'G2018100815170756752',NULL,1),
(12,'100201','2018-10-08 15:18:22',0,NULL,NULL,'G2018100815182179799',NULL,1);

/*Table structure for table `sys_cmd_response` */

DROP TABLE IF EXISTS `sys_cmd_response`;

CREATE TABLE `sys_cmd_response` (
  `id` int(11) NOT NULL AUTO_INCREMENT,
  `qqlsh` varchar(32) DEFAULT NULL COMMENT '请求流水号',
  `content` mediumtext COMMENT '响应结果',
  PRIMARY KEY (`id`)
) ENGINE=InnoDB AUTO_INCREMENT=3 DEFAULT CHARSET=utf8;

/*Data for the table `sys_cmd_response` */

insert  into `sys_cmd_response`(`id`,`qqlsh`,`content`) values 
(1,'G2018100815170756752','{\"csfFcts\":\"0\",\"csfId\":\"1538981788225\",\"csfName\":\"小李\",\"csfTel\":\"\",\"csfZjlx\":\"1\",\"jzmj\":\"null\",\"ssqy\":\"\",\"ywh\":\"YWH1538982979852\",\"zlc\":\"null\",\"zrfFcts\":\"22\",\"zrfId\":\"1538981788240\",\"zrfName\":\"小李\",\"zrfTel\":\"\",\"zrfZjlx\":\"1\"}'),
(2,'G2018100815182179799','{\"bdcdyh\":\"431302005014GB00008F00040005\",\"bdcqzh\":\"娄房权证娄底字第S201606020051\\\\娄房权证字第S20000772911\",\"csfFcts\":\"33\",\"csfId\":\"43250119811026152X\",\"csfName\":\"付美和\",\"csfZjlx\":\"1\",\"dyfh\":\"702\",\"fwlx\":\"1\",\"ghyt\":\"10\",\"jysj\":\"2016-06-27 16:42:00\",\"jzjg\":\"4\",\"jzmj\":\"\",\"lfdz\":\"新星中路（大汉巨龙家园）2栋1-702\",\"ssqy\":\"null\",\"szlc\":\"7\",\"ywh\":\"201606270000006\",\"zlc\":\"7\",\"zrfFcts\":\"5\",\"zrfId\":\"432501740927004\",\"zrfName\":\"刘迪红\",\"zrfZjlx\":\"1\"}');

/*Table structure for table `sys_receive_msg` */

DROP TABLE IF EXISTS `sys_receive_msg`;

CREATE TABLE `sys_receive_msg` (
  `cmd_code` varchar(32) DEFAULT NULL COMMENT '消息命令代码',
  `cmd_name` varchar(256) DEFAULT NULL COMMENT '消息命令名称'
) ENGINE=InnoDB DEFAULT CHARSET=utf8;

/*Data for the table `sys_receive_msg` */

insert  into `sys_receive_msg`(`cmd_code`,`cmd_name`) values 
('100201','不动产协税信息'),
('200101','房产局协税信息');

/*Table structure for table `sys_request_sql_para` */

DROP TABLE IF EXISTS `sys_request_sql_para`;

CREATE TABLE `sys_request_sql_para` (
  `id` int(11) NOT NULL AUTO_INCREMENT,
  `config_id` int(11) DEFAULT NULL COMMENT '配置id',
  `table_name` varchar(128) DEFAULT NULL COMMENT '表名',
  `field_name` varchar(64) DEFAULT NULL COMMENT '字段名',
  `order_seq` int(11) DEFAULT NULL COMMENT '排序位置',
  `para_name` varchar(64) DEFAULT NULL COMMENT '参数名称',
  `data_id_flag` int(11) DEFAULT '0' COMMENT '是否业务数据主键，1：是，0：不是',
  PRIMARY KEY (`id`)
) ENGINE=InnoDB AUTO_INCREMENT=44 DEFAULT CHARSET=utf8 CHECKSUM=1 DELAY_KEY_WRITE=1 ROW_FORMAT=DYNAMIC COMMENT='请求查询sql参数值定义';

/*Data for the table `sys_request_sql_para` */

insert  into `sys_request_sql_para`(`id`,`config_id`,`table_name`,`field_name`,`order_seq`,`para_name`,`data_id_flag`) values 
(43,45,'FC002',NULL,1,'qqlsh',1);

/*Table structure for table `sys_request_table_config` */

DROP TABLE IF EXISTS `sys_request_table_config`;

CREATE TABLE `sys_request_table_config` (
  `id` int(11) NOT NULL AUTO_INCREMENT,
  `cmd_id` int(11) DEFAULT NULL COMMENT '命令id',
  `table_name` varchar(128) DEFAULT NULL COMMENT '表名称',
  `json_field` varchar(64) DEFAULT NULL COMMENT 'json字段名称',
  `main_table` int(11) DEFAULT '0' COMMENT '是否是主表。1：是，0：不是',
  `json_list` int(11) DEFAULT '0' COMMENT '是否是数组，1：是，0：不是',
  `select_sql` mediumtext COMMENT 'sql查询语句',
  `order_seq` int(11) DEFAULT NULL,
  `parent_id` int(11) DEFAULT NULL,
  PRIMARY KEY (`id`)
) ENGINE=InnoDB AUTO_INCREMENT=46 DEFAULT CHARSET=utf8 CHECKSUM=1 DELAY_KEY_WRITE=1 ROW_FORMAT=DYNAMIC COMMENT='请求的表与json字段的配置';

/*Data for the table `sys_request_table_config` */

insert  into `sys_request_table_config`(`id`,`cmd_id`,`table_name`,`json_field`,`main_table`,`json_list`,`select_sql`,`order_seq`,`parent_id`) values 
(45,18,'FC002',NULL,1,0,'SELECT 3001 as cmdCode,e.`wqhth` AS netSignNo,e.`ywh` AS estatTransferNo,e.`dznspzh` AS electronicTaxNo,e.`bdcdyh` AS ywfwbdcdyh, e.fphm AS fphm,e.qssphm AS qssphm,e.dfgssphm AS dfgssphm,e.ms_sign AS msSign,e.djz_qs AS djzQs,e.djz_yys AS djzYys,e.djz_cjs AS djzCjs,e.djz_dfjys AS djzDfjys,e.djz_grsds AS djzGrsds,e.djz_yhs AS djzYhs,e.djz_tdzzs AS djzTdzzs,e.updatetime AS updatetime,e.lsh AS sn ,e.pgid AS pgid,e.pgjg AS pgjg,e.ms_zcyj AS msZcyj FROM FC002 e WHERE e.qqlsh=#{qqlsh};',1,NULL);

/*Table structure for table `sys_response_table_config` */

DROP TABLE IF EXISTS `sys_response_table_config`;

CREATE TABLE `sys_response_table_config` (
  `id` int(11) NOT NULL AUTO_INCREMENT,
  `cmd_id` int(11) DEFAULT NULL COMMENT '命令id',
  `table_name` varchar(128) DEFAULT NULL COMMENT '表名称',
  `json_field` varchar(64) DEFAULT NULL COMMENT 'json字段名称',
  `main_table` int(11) DEFAULT '0' COMMENT '是否是主表。1：是，0：不是',
  `json_list` int(11) DEFAULT '0' COMMENT '是否是数组，1：是，0：不是',
  `insert_sql` varchar(5120) DEFAULT NULL COMMENT 'sql查询语句',
  `order_seq` int(11) DEFAULT NULL,
  PRIMARY KEY (`id`)
) ENGINE=InnoDB DEFAULT CHARSET=utf8 CHECKSUM=1 DELAY_KEY_WRITE=1 ROW_FORMAT=DYNAMIC COMMENT='响应结果解析配置';

/*Data for the table `sys_response_table_config` */

/*!40101 SET SQL_MODE=@OLD_SQL_MODE */;
/*!40014 SET FOREIGN_KEY_CHECKS=@OLD_FOREIGN_KEY_CHECKS */;
/*!40014 SET UNIQUE_CHECKS=@OLD_UNIQUE_CHECKS */;
/*!40111 SET SQL_NOTES=@OLD_SQL_NOTES */;
